City_ID,City,Lat,Lng,Max Temp,Humidity,Cloudiness,Wind Speed,Country,Date
0,blackmans bay,-43.0167,147.3167,14.85,65,50,3.58,AU,1725482688
1,lubuklinggau,-3.3,102.8667,24.03,82,100,0.8,ID,1725482689
2,aguililla,18.7333,-102.7333,28.18,68,59,1.02,MX,1725482690
3,crane,31.3974,-102.3501,26.28,58,80,1.23,US,1725482691
4,thompson,55.7435,-97.8558,13.09,54,75,4.63,CA,1725482693
5,waitangi,-43.9535,-176.5597,8.79,75,6,2.24,NZ,1725482694
6,ushuaia,-54.8,-68.3,8.81,49,40,3.6,AR,1725482695
7,yakeshi,49.2833,120.7333,7.3,52,100,2.37,CN,1725482697
8,adamstown,-25.066,-130.1015,17.96,58,50,5.72,PN,1725482698
9,susuman,62.7833,148.1667,6.95,89,99,1.63,RU,1725482699
10,puerto natales,-51.7236,-72.4875,12.25,35,40,18.01,CL,1725482701
11,baruun-urt,46.6806,113.2792,6.97,63,0,2.82,MN,1725482702
12,port alfred,-33.5906,26.891,16.77,84,100,1.34,ZA,1725482704
13,utrik,11.2278,169.8474,28.68,81,100,9.78,MH,1725482705
14,malpica,43.3228,-8.8105,17.43,96,93,6.23,ES,1725482706
15,port-aux-francais,-49.35,70.2167,5.51,95,100,16.28,TF,1725482708
16,port mathurin,-19.6833,63.4167,22.23,80,89,9.13,MU,1725482709
17,barinitas,8.7622,-70.4111,26.19,76,65,1.05,VE,1725482710
18,bredasdorp,-34.5322,20.0403,11.66,76,100,1.74,ZA,1725482712
19,saquarema,-22.92,-42.5103,21.67,86,0,6.05,BR,1725482713
20,avarua,-21.2078,-159.775,26.03,83,40,2.06,CK,1725482714
21,kirensk,57.7853,108.1119,8.25,97,100,1.6,RU,1725482716
22,papatowai,-46.5619,169.4708,9.82,71,94,2.54,NZ,1725482717
23,tralee,52.2704,-9.7026,11.48,86,87,4.96,IE,1725482718
24,las vegas,36.175,-115.1372,41.8,12,0,3.6,US,1725482469
25,san patricio,28.017,-97.5169,29.97,78,89,7.05,US,1725482721
26,la passe,45.5549,-0.8967,16.4,80,85,3.82,FR,1725482722
27,grytviken,-54.2811,-36.5092,-0.25,89,56,2.93,GS,1725482724
28,constantia,44.1833,28.65,18.38,60,4,4.88,RO,1725482725
29,vorgashor,67.5833,63.95,8.06,83,80,3.0,RU,1725482726
30,flying fish cove,-10.4217,105.6791,24.82,83,75,4.63,CX,1725482728
31,port lincoln,-34.7333,135.8667,15.73,82,100,1.63,AU,1725482729
32,sipalay,9.75,122.5,25.73,89,100,3.61,PH,1725482730
33,belyy yar,53.6039,91.3903,11.94,87,40,2.0,RU,1725482732
34,bethel,41.3712,-73.414,24.63,52,0,3.6,US,1725482733
35,monahans,31.5943,-102.8926,22.42,76,100,1.58,US,1725482734
36,tiksi,71.6872,128.8694,4.36,92,100,1.93,RU,1725482736
37,sandnessjoen,66.0217,12.6316,13.06,94,75,1.03,NO,1725482737
38,ust-nera,64.5667,143.2,6.52,92,100,1.48,RU,1725482739
39,lazaro cardenas,17.9583,-102.2,31.07,65,46,4.51,MX,1725482740
40,lebu,-37.6167,-73.65,9.61,72,85,6.68,CL,1725482741
41,lensk,60.7253,114.9278,6.84,92,100,2.76,RU,1725482743
42,huron,41.1501,-82.5499,28.77,33,0,2.15,US,1725482744
43,sangin,32.0728,64.8359,25.04,10,0,2.21,AF,1725482746
44,copiapo,-27.3667,-70.3333,24.55,27,0,2.38,CL,1725482747
45,uturoa,-16.7333,-151.4333,25.28,78,35,8.54,PF,1725482748
46,port isabel,26.0734,-97.2086,31.02,77,40,4.02,US,1725482750
47,det udom,14.906,105.0784,23.73,97,100,2.17,TH,1725482751
48,vilyuchinsk,52.9306,158.4028,8.15,72,73,3.46,RU,1725482752
49,west island,-12.1568,96.8225,25.99,73,20,4.63,CC,1725482753
50,badger,64.8,-147.5333,15.55,53,75,3.6,US,1725482755
51,santa teresa,10.2341,-66.6631,28.25,78,99,0.9,VE,1725482756
52,margaret river,-33.95,115.0667,10.3,70,100,10.84,AU,1725482758
53,hammerfest,70.6634,23.6821,18.25,68,0,4.63,NO,1725482759
54,ancud,-41.8697,-73.8203,7.92,61,97,1.86,CL,1725482760
55,whitehorse,60.7161,-135.0538,11.43,67,100,6.71,CA,1725482761
56,qarauyl,48.9451,79.255,17.67,30,100,4.53,KZ,1725482763
57,edinburgh of the seven seas,-37.0676,-12.3116,10.24,62,75,5.28,SH,1725482764
58,colatina,-19.5394,-40.6306,26.46,56,24,5.52,BR,1725482765
59,bardai,11.65,7.2333,21.27,93,83,2.9,NG,1725482767
60,albany,42.6001,-73.9662,26.0,51,0,0.45,US,1725482768
61,quellon,-43.1167,-73.6167,7.67,71,100,3.67,CL,1725482769
62,ixtapa,20.7,-105.2,31.57,62,40,4.12,MX,1725482770
63,revda,56.801,59.9303,7.54,85,95,2.05,RU,1725482499
64,bijie,27.3125,105.2942,18.07,89,14,1.1,CN,1725482773
65,havre,49.5833,0.3333,15.87,82,100,3.09,FR,1725482774
66,jamestown,42.097,-79.2353,25.57,35,0,2.57,US,1725482776
67,merizo village,13.2658,144.6691,26.66,94,83,2.28,GU,1725482777
68,suances,43.4334,-4.0434,19.43,91,75,3.6,ES,1725482778
69,tidjikja,18.5564,-11.4271,33.17,38,100,1.92,MR,1725482780
70,ilulissat,69.2167,-51.1,7.01,93,100,0.0,GL,1725482781
71,stanley,54.868,-1.6985,11.96,91,75,3.09,GB,1725482783
72,ribeira grande,38.5167,-28.7,23.22,60,40,5.66,PT,1725482784
73,saudarkrokur,65.7461,-19.6394,11.11,86,100,9.25,IS,1725482785
74,mbeya,-8.9,33.45,12.04,72,15,3.01,TZ,1725482787
75,guatrache,-37.6678,-63.5302,13.83,26,0,5.25,AR,1725482788
76,bandon,51.7469,-8.7425,11.77,81,68,6.09,IE,1725482790
77,lembeni,-3.7833,37.6167,19.55,72,26,2.04,TZ,1725482791
78,bilibino,68.0546,166.4372,2.41,100,100,2.05,RU,1725482792
79,anadyr,64.75,177.4833,9.28,87,20,5.0,RU,1725482793
80,olonkinbyen,70.9221,-8.7187,2.84,84,100,3.39,SJ,1725482795
81,smithers,54.7804,-127.1743,20.18,40,40,2.57,CA,1725482796
82,san andres,12.5847,-81.7006,32.01,70,20,3.6,CO,1725482797
83,yellowknife,62.456,-114.3525,15.79,54,75,3.09,CA,1725482799
84,glubokoye,50.1456,82.3114,11.86,71,75,3.0,KZ,1725482800
85,kinmparana,12.8402,-4.9199,24.7,89,90,3.16,ML,1725482802
86,vila franca do campo,37.7167,-25.4333,22.23,99,25,3.62,PT,1725482803
87,carnarvon,-24.8667,113.6333,19.32,57,17,8.36,AU,1725482804
88,remire-montjoly,4.9167,-52.2667,31.02,70,71,6.69,GF,1725482805
89,gadzhiyevo,69.2551,33.3362,15.12,69,100,7.03,RU,1725482807
90,stung treng,13.5259,105.9683,23.32,99,100,1.21,KH,1725482808
91,mar del plata,-38.0023,-57.5575,11.18,73,68,7.15,AR,1725482809
92,el calafate,-50.3408,-72.2768,5.78,67,15,2.47,AR,1725482811
93,kohtla-jarve,59.3986,27.2731,17.86,76,8,2.4,EE,1725482812
94,qaqortoq,60.7167,-46.0333,4.43,98,100,3.83,GL,1725482813
95,port elizabeth,-33.918,25.5701,15.16,91,0,5.14,ZA,1725482815
96,pangai,-19.8,-174.35,24.06,60,75,4.12,TO,1725482816
97,lihue,21.9789,-159.3672,27.98,67,0,4.63,US,1725482531
98,wailua homesteads,22.0669,-159.378,27.85,68,0,4.63,US,1725482819
99,kingscliff,-28.2667,153.5667,14.97,88,100,1.54,AU,1725482720
100,new norfolk,-42.7826,147.0587,15.51,96,95,3.09,AU,1725482667
101,hawaiian paradise park,19.5933,-154.9731,27.71,74,100,6.17,US,1725482824
102,bozeman,45.6796,-111.0386,23.82,47,0,1.54,US,1725482825
103,ostashkov,57.1467,33.1075,12.41,73,0,2.36,RU,1725482827
104,queenstown,-31.8976,26.8753,11.67,84,31,2.66,ZA,1725482828
105,guozhen,34.3659,107.359,17.56,87,99,2.42,CN,1725482829
106,longyearbyen,78.2186,15.6401,7.91,93,75,1.03,SJ,1725482831
107,zhizdra,53.746,34.7395,14.8,65,0,3.61,RU,1725482832
108,georgetown,5.4112,100.3354,28.96,91,40,2.06,MY,1725482834
109,college,64.8569,-147.8028,15.6,51,75,3.6,US,1725482835
110,pernik,42.6,23.0333,19.71,52,27,1.29,BG,1725482836
111,ambon,-3.6954,128.1814,26.6,95,40,2.57,ID,1725482838
112,chittagong,22.9167,91.5,25.98,92,100,2.23,BD,1725482839
113,jackson,42.4165,-122.8345,36.15,20,0,0.88,US,1725482762
114,brookings,44.3114,-96.7984,28.0,54,0,7.2,US,1725482842
115,talnakh,69.4865,88.3972,1.81,83,53,3.31,RU,1725482843
116,sandwip,22.4678,91.4561,28.31,82,99,3.36,BD,1725482845
117,berriane,32.8265,3.7669,33.88,21,58,0.92,DZ,1725482846
118,ust-tsilma,65.441,52.1498,8.7,97,11,1.49,RU,1725482848
119,magadan,59.5667,150.8,9.9,87,18,1.94,RU,1725482849
120,afaahiti,-17.75,-149.2833,23.17,72,87,8.78,PF,1725482850
121,angaur state,6.906,134.13,28.48,74,97,2.3,PW,1725482852
122,chonchi,-42.6128,-73.8092,8.95,75,100,1.01,CL,1725482853
123,luderitz,-26.6481,15.1594,13.69,81,3,7.05,NA,1725482854
124,soio,-6.1349,12.3689,22.31,91,1,3.31,AO,1725482856
125,iqaluit,63.7506,-68.5145,3.85,80,100,4.12,CA,1725482857
126,vernon,50.2581,-119.2691,30.42,28,12,2.06,CA,1725482858
127,tazovsky,67.4667,78.7,2.92,88,45,3.35,RU,1725482860
128,dudinka,69.4058,86.1778,1.01,90,75,3.44,RU,1725482861
129,kpandae,8.4689,-0.0113,24.19,84,100,2.3,GH,1725482863
130,tolanaro,-25.0319,46.9987,20.04,94,40,5.14,MG,1725482864
131,ushibukamachi,32.1906,130.0228,25.3,83,1,1.34,JP,1725482866
132,bontang,0.1333,117.5,25.79,87,99,2.9,ID,1725482867
133,lanzhou,36.0564,103.7922,14.37,74,100,1.54,CN,1725482869
134,fada,7.25,4.0667,25.37,83,40,5.66,NG,1725482870
135,saipan,15.1355,145.701,27.39,83,0,3.09,MP,1725482872
136,kajansi,0.2081,32.5222,18.2,91,98,2.32,UG,1725482873
137,kharan,28.5833,65.4167,29.85,15,2,1.35,PK,1725482874
138,mpraeso,6.5932,-0.7346,21.1,85,56,1.93,GH,1725482876
139,al jawf,29.5,38.75,26.48,33,0,4.16,SA,1725482877
140,vorkuta,67.5,64.0,9.12,79,99,2.84,RU,1725482878
141,ordubad,38.9059,46.0234,22.29,46,0,5.12,AZ,1725482880
142,hobyo,5.3505,48.5268,24.23,87,2,11.18,SO,1725482881
143,ebon,4.582,168.6964,28.3,76,100,4.15,MH,1725482882
144,cabo san lucas,22.8909,-109.9124,31.17,60,75,4.12,MX,1725482496
145,uvalde,29.3669,-99.767,31.34,52,75,5.14,US,1725482885
146,chibougamau,49.9168,-74.3659,23.79,41,0,10.8,CA,1725482886
147,keflavik,64.0049,-22.5624,11.24,100,100,9.26,IS,1725482888
148,naze,28.3667,129.4833,26.51,79,13,3.17,JP,1725482889
149,koregaon,18.65,74.0833,23.61,92,100,4.54,IN,1725482891
150,hermanus,-34.4187,19.2345,12.11,76,100,3.75,ZA,1725482892
151,kailua-kona,19.6406,-155.9956,28.64,76,40,2.06,US,1725482893
152,petropavlovsk-kamchatsky,53.0452,158.6483,7.33,81,75,4.0,RU,1725482894
153,isangel,-19.55,169.2667,21.45,78,87,8.02,VU,1725482896
154,markala,13.7021,-6.0659,25.26,87,81,3.44,ML,1725482897
155,happy valley-goose bay,53.3168,-60.3315,18.17,32,75,6.17,CA,1725482898
156,suva,-18.1416,178.4415,20.71,88,20,1.54,FJ,1725482900
157,necochea,-38.5473,-58.7368,8.9,65,13,7.34,AR,1725482901
158,ha'il,27.5219,41.6907,31.01,23,0,1.03,SA,1725482902
159,mahdia,35.5047,11.0622,29.79,66,88,4.4,TN,1725482904
160,keelung,25.1283,121.7419,29.97,78,27,4.78,TW,1725482905
161,palikir - national government center,6.9248,158.1611,24.41,100,40,1.54,FM,1725482906
162,middelburg,-25.7751,29.4648,15.21,25,0,2.21,ZA,1725482907
163,wynyard,-41.0,145.7167,12.18,91,100,4.45,AU,1725482909
164,tsiombe,-25.3,45.4833,19.81,86,15,5.94,MG,1725482910
165,lionville,40.0537,-75.6599,25.72,41,0,3.09,US,1725482911
166,battle ground,45.7809,-122.5334,30.57,41,6,2.16,US,1725482913
167,anar darah,32.7587,61.654,22.11,16,0,4.45,AF,1725482914
168,vadso,70.0744,29.7487,16.09,77,75,6.17,NO,1725482915
169,puloypuloy,6.6352,124.096,25.76,83,100,1.71,PH,1725482917
170,codrington,-38.2667,141.9667,15.14,46,100,7.0,AU,1725482918
171,khandyga,62.6667,135.6,7.94,97,100,1.69,RU,1725482919
172,nova sintra,14.8667,-24.7167,26.99,86,95,3.78,CV,1725482920
173,mount pearl,47.5166,-52.7813,18.51,60,20,5.66,CA,1725482922
174,posse,-14.0931,-46.3694,29.8,14,0,3.02,BR,1725482923
175,st. john's,47.5649,-52.7093,18.97,58,20,5.66,CA,1725482924
176,alice springs,-23.7,133.8833,11.75,40,5,0.0,AU,1725482926
177,chibuto,-24.6867,33.5306,17.6,69,0,3.78,MZ,1725482927
178,nar'yan-mar,67.6713,53.087,9.77,94,29,4.06,RU,1725482928
179,tangalle,6.024,80.7911,26.49,87,100,5.37,LK,1725482930
180,haiku-pauwela,20.9219,-156.3051,28.45,68,40,7.72,US,1725482931
181,zhalantun,48.0,122.7167,11.69,61,100,1.82,CN,1725482932
182,tura,25.5198,90.2201,23.38,97,100,1.62,IN,1725482934
183,pisco,-13.7,-76.2167,18.34,72,0,4.63,PE,1725482935
184,ogoja,6.6547,8.7976,24.34,91,99,2.35,NG,1725482936
185,yebaishou,41.3975,119.6408,17.11,76,100,3.68,CN,1725482937
186,illizi,26.4833,8.4667,30.01,40,100,6.74,DZ,1725482939
187,praia,14.9215,-23.5087,28.3,78,75,3.6,CV,1725482940
188,iskateley,67.6803,53.1512,9.72,94,30,4.08,RU,1725482941
189,cururupu,-1.8283,-44.8683,25.54,79,84,2.49,BR,1725482943
190,isafjordur,66.0755,-23.124,8.97,95,100,3.74,IS,1725482944
191,korhogo,9.45,-5.6333,22.16,97,90,2.34,CI,1725482945
192,la ronge,55.1001,-105.2842,16.12,63,100,7.2,CA,1725482946
193,robore,-18.3333,-59.75,33.05,43,0,0.0,BO,1725482948
194,enewetak,11.3474,162.3373,29.03,74,31,7.3,MH,1725482949
195,kodiak,57.79,-152.4072,11.73,100,100,8.75,US,1725482931
196,tofol,5.3248,163.0078,27.75,76,49,3.73,FM,1725482952
197,gardnerville ranchos,38.8882,-119.7413,30.69,16,0,5.81,US,1725482953
198,uberlandia,-18.9186,-48.2772,31.56,11,0,3.6,BR,1725482954
199,porto belo,-27.1578,-48.5531,19.98,90,77,2.94,BR,1725482956
200,'ali al gharbi,32.4633,46.6864,34.89,17,0,10.03,IQ,1725482957
201,molde,62.7375,7.1591,14.91,100,75,1.03,NO,1725482958
202,hamilton,39.1834,-84.5333,31.62,43,0,3.6,US,1725482960
203,qamdo,31.1667,97.2333,6.11,91,88,1.06,CN,1725482961
204,zemio,5.0314,25.1361,20.69,98,76,1.23,CF,1725482962
205,riosucio,5.4216,-75.7032,24.13,70,57,1.49,CO,1725482963
206,phongsali,21.6833,102.1058,17.97,99,50,0.54,LA,1725482965
207,castillos,-34.1667,-53.8333,11.2,79,100,0.63,UY,1725482966
208,aasiaat,68.7098,-52.8699,3.79,96,100,1.02,GL,1725482967
209,saynshand,44.8824,110.1163,13.64,45,0,2.94,MN,1725482969
210,neiafu,-18.65,-173.9833,24.38,69,75,3.6,TO,1725482970
211,palopo,-2.9996,120.1921,24.1,89,89,0.72,ID,1725482971
212,atafu village,-8.5421,-172.5159,27.55,80,100,7.62,TK,1725482973
213,pokrovsk,48.282,37.1758,22.65,17,60,6.45,UA,1725482974
214,sadjoavato,-12.6334,49.349,20.53,78,1,3.6,MG,1725482975
215,bocas del toro,9.3333,-82.25,28.97,72,94,3.21,PA,1725482977
216,fale old settlement,-9.3852,-171.2468,27.34,81,68,7.47,TK,1725482978
217,mil'kovo,55.6078,37.7956,15.19,55,1,3.74,RU,1725482980
218,springbok,-29.6643,17.8865,8.89,82,0,2.46,ZA,1725482981
219,novodvinsk,64.4165,40.8122,10.86,91,2,2.03,RU,1725482875
220,khanty-mansiysk,61.0042,69.0019,8.06,87,40,1.0,RU,1725482984
221,nabire,-3.3667,135.4833,24.21,91,99,0.97,ID,1725482986
222,san pedro pochutla,15.7333,-96.4667,33.73,59,28,3.0,MX,1725482988
223,iquique,-20.2208,-70.1431,16.95,78,34,3.39,CL,1725482989
224,kokopo,-4.352,152.2633,24.62,86,100,3.09,PG,1725482991
225,sao mateus do maranhao,-4.0417,-44.475,32.76,29,100,1.49,BR,1725482992
226,puerto ayora,-0.7393,-90.3518,21.35,79,79,4.67,EC,1725482994
227,marsh harbour,26.5412,-77.0636,29.69,75,3,5.33,BS,1725482995
228,mandali,33.7499,45.5541,31.85,22,0,4.41,IQ,1725482996
229,puerto colombia,10.9878,-74.9547,30.05,80,35,3.78,CO,1725482998
230,xinzhou,38.4092,112.7333,17.61,81,81,2.71,CN,1725482999
231,barra de santo antonio,-9.4047,-35.5072,24.3,69,88,4.25,BR,1725483000
232,piti village,13.4626,144.6933,27.03,90,20,0.0,GU,1725483001
233,hluti,-27.2167,31.6167,17.23,46,0,2.03,SZ,1725483003
234,hithadhoo,-0.6,73.0833,27.67,78,100,3.63,MV,1725483004
235,arkhangel'sk,64.5401,40.5433,11.06,100,20,2.0,RU,1725482905
236,invercargill,-46.4,168.35,8.9,83,100,1.79,NZ,1725483007
237,russkaya polyana,49.417,31.9201,19.48,33,100,1.62,UA,1725483009
238,colac,-38.3333,143.5833,13.96,46,97,3.15,AU,1725483010
239,penon blanco,24.7897,-104.0369,23.05,70,99,3.92,MX,1725483012
240,gorontalo,0.5412,123.0595,23.05,96,28,0.89,ID,1725483013
241,saldanha,-33.0117,17.9442,13.03,77,100,5.9,ZA,1725483015
242,emkhomazi,-30.2067,30.7978,20.08,88,24,7.2,ZA,1725483016
243,papao,-17.75,-149.55,26.82,73,80,9.44,PF,1725483017
244,punta arenas,-53.15,-70.9167,10.06,53,20,16.46,CL,1725483018
245,caleta de carquin,-11.0925,-77.6267,18.24,73,11,5.08,PE,1725483020
246,taroa,8.7058,171.2275,28.74,80,100,8.53,MH,1725483021
247,shagonar,51.5333,92.8,11.4,68,73,0.36,RU,1725483023
248,kristiansund,63.1115,7.732,14.36,88,75,0.51,NO,1725483024
249,irymple,-34.25,142.1667,15.75,24,100,8.54,AU,1725483026
250,udachny,66.4167,112.4,2.6,92,100,7.49,RU,1725483027
251,san antonio de pale,-1.4014,5.6325,24.38,85,100,5.52,GQ,1725483029
252,cannonvale,-20.2833,148.7,20.66,67,99,8.42,AU,1725483031
253,genhe,50.7833,121.5167,5.03,75,100,1.14,CN,1725483032
254,zag,46.9441,99.165,5.77,40,0,0.71,MN,1725483033
255,labytnangi,66.6572,66.4183,6.36,87,29,2.08,RU,1725483035
256,alesund,62.4723,6.1549,15.74,94,75,3.6,NO,1725483036
257,umba,66.6871,34.3429,13.48,89,93,2.06,RU,1725483038
258,manokwari,-0.8667,134.0833,25.57,77,100,1.65,ID,1725483039
259,san ignacio de velasco,-16.3667,-60.95,36.67,16,0,2.15,BO,1725483041
260,eagle mountain,40.3141,-112.0069,25.95,31,0,6.26,US,1725483042
261,lerwick,60.1545,-1.1494,11.85,86,4,4.09,GB,1725483043
262,khargupur,27.3833,81.9833,27.42,78,60,2.43,IN,1725483045
263,uyar,55.81,94.3153,8.93,97,99,1.64,RU,1725483046
264,kili,5.6439,169.1211,28.27,76,100,4.38,MH,1725483047
265,fort mcmurray,56.7268,-111.381,18.77,55,75,4.12,CA,1725483049
266,labrador city,52.9463,-66.9114,17.88,56,75,7.2,CA,1725483050
267,salekhard,66.53,66.6019,6.2,86,38,1.91,RU,1725483051
268,kingsland,30.8,-81.6898,27.17,89,90,4.65,US,1725483053
269,kaohsiung,22.6163,120.3133,28.35,91,75,1.54,TW,1725483054
270,harrismith,-28.2728,29.1295,12.67,34,0,1.98,ZA,1725483055
271,kapa'a,22.0752,-159.319,28.6,64,0,4.63,US,1725483057
272,luganville,-15.5333,167.1667,25.62,59,80,5.42,VU,1725483058
273,timbiqui,2.7717,-77.6654,27.39,79,70,3.6,CO,1725483059
274,zeya,53.75,127.2667,8.81,67,13,4.12,RU,1725483061
275,nelson bay,-32.7167,152.15,12.78,91,0,0.45,AU,1725483062
276,melfort,52.8667,-104.6177,17.07,51,100,4.12,CA,1725483064
277,kalengwa,-13.4659,25.0027,14.67,39,0,2.65,ZM,1725483065
278,saint croix,17.7397,-64.7388,31.25,80,20,5.66,VI,1725483066
279,cidade velha,14.9167,-23.6167,28.26,78,75,3.6,CV,1725483068
280,cody,44.5263,-109.0565,22.92,46,0,3.13,US,1725483069
281,kargasok,59.0556,80.8572,8.18,75,100,3.71,RU,1725483070
282,mumford,5.2618,-0.759,23.26,90,4,6.31,GH,1725483071
283,sitka,57.0531,-135.33,13.94,88,100,2.06,US,1725483073
284,aral,40.5156,81.2636,21.68,35,59,4.13,CN,1725483074
285,campoverde,-8.4753,-74.8058,32.83,21,4,0.96,PE,1725483075
286,colonia,50.9333,6.95,18.87,91,100,1.54,DE,1725483076
287,lascano,-33.6667,-54.2,11.5,75,100,1.73,UY,1725483078
288,fort st. john,56.2499,-120.8529,15.94,51,20,1.54,CA,1725483079
289,laojunmiao,39.8333,97.7333,11.03,68,96,2.66,CN,1725483081
290,kourou,5.1552,-52.6478,28.11,76,100,2.57,GF,1725483082
291,nguruka,-5.1092,31.0419,24.59,36,70,1.13,TZ,1725483083
292,solnechnogorsk,56.1833,36.9833,10.73,71,6,2.63,RU,1725483084
293,nueva gerona,21.8833,-82.8,31.6,65,17,4.65,CU,1725483086
294,baker city,44.7749,-117.8344,28.84,26,0,1.54,US,1725483022
295,sao joao da barra,-21.6403,-41.0511,26.05,86,0,4.45,BR,1725483088
296,yashkul',46.1711,45.3435,21.74,27,100,3.43,RU,1725483090
297,lukolela,-1.0605,17.1821,22.72,83,9,1.63,CD,1725483091
298,gorom-gorom,14.4439,-0.2361,24.76,85,100,6.35,BF,1725483093
299,antsiranana,-12.2787,49.2917,23.07,73,4,7.58,MG,1725483094
300,katsuren-haebaru,26.3369,127.8719,28.01,92,0,1.54,JP,1725483095
301,mamuju,-2.6748,118.8885,24.53,94,100,2.56,ID,1725483097
302,east london,-33.0153,27.9116,18.29,86,100,4.07,ZA,1725483098
303,jindabyne,-36.4167,148.6333,10.94,37,72,4.59,AU,1725483099
304,mgandu,-5.95,34.1333,19.44,44,41,4.96,TZ,1725483101
305,kingston,17.997,-76.7936,27.53,78,75,9.77,JM,1725483102
306,yenangyaung,20.4667,94.8833,25.4,90,73,4.65,MM,1725483103
307,akureyri,65.6835,-18.0878,14.96,72,75,7.2,IS,1725483104
308,mili,6.0815,171.735,28.18,79,100,5.92,MH,1725483106
309,taoudenni,22.6783,-3.9836,37.98,29,24,2.61,ML,1725483107
310,beyneu,45.3167,55.2,24.19,22,100,2.45,KZ,1725483109
311,mpika,-11.8343,31.4529,13.78,53,22,2.28,ZM,1725483110
312,dunedin,-45.8742,170.5036,9.89,81,87,2.84,NZ,1725483111
313,puerto maldonado,-12.6,-69.1833,35.22,46,0,2.57,PE,1725483113
314,bandarbeyla,9.4942,50.8122,23.67,85,59,12.76,SO,1725483114
315,aykhal,66.0,111.5,2.38,96,100,6.93,RU,1725483115
316,las heras,-46.5419,-68.9359,9.07,41,100,8.36,AR,1725483116
317,kasongo-lunda,-6.4667,16.8167,28.19,39,70,1.11,CD,1725483118
318,callao,-12.0667,-77.15,16.16,77,100,2.57,PE,1725483119
319,novaya igirma,57.1334,103.9112,6.99,98,100,1.33,RU,1725483120
320,priob'ye,62.5206,65.5964,8.0,70,74,2.57,RU,1725483122
321,coruripe,-10.1256,-36.1756,22.97,73,34,3.54,BR,1725483123
322,dalandzadgad,43.5708,104.425,13.11,57,0,2.97,MN,1725483124
323,pasuquin,18.3328,120.6177,24.97,94,100,1.54,PH,1725483126
324,vallenar,-28.5708,-70.7581,27.4,20,0,2.15,CL,1725483127
325,kupang,-10.1667,123.5833,26.32,69,2,3.6,ID,1725483128
326,ar raqqah,35.95,39.0167,26.83,61,0,8.82,SY,1725483129
327,belokurikha,51.9959,84.9896,12.64,55,100,2.31,RU,1725483131
328,namibe,-15.1961,12.1522,18.92,83,79,1.18,AO,1725483132
329,kuta,-8.7233,115.1723,25.97,94,20,2.57,ID,1725483133
330,bhabhua,25.05,83.6167,29.23,66,88,1.84,IN,1725483135
331,aligudarz,33.4006,49.6949,21.15,20,0,1.98,IR,1725483136
332,ust'-barguzin,53.45,108.9833,7.03,84,96,1.83,RU,1725483137
333,mekhe,15.1097,-16.6218,26.39,75,100,5.97,SN,1725483139
334,kripens'kyy,48.0771,39.058,22.31,20,73,6.21,UA,1725483140
335,yuzhno-kurilsk,44.0306,145.8556,16.8,85,2,2.68,RU,1725483141
336,jilib,0.4883,42.7854,23.63,89,27,3.08,SO,1725483143
337,khadan khak,30.7477,67.7085,21.56,28,0,3.73,PK,1725483144
338,nasir,15.5894,32.5634,34.65,39,45,3.32,SD,1725483145
339,ciudad bolivar,8.1222,-63.5497,32.11,56,100,2.33,VE,1725483147
340,rumbek,6.802,29.6912,22.07,96,85,2.04,SS,1725483148
341,palmer,42.1584,-72.3287,25.85,44,40,0.45,US,1725483149
342,arraial do cabo,-22.9661,-42.0278,23.98,83,20,6.69,BR,1725483150
343,twon-brass,4.3151,6.2418,25.73,87,15,4.57,NG,1725483152
344,namie,37.4833,141.0,21.1,93,79,1.88,JP,1725483153
345,chingirlau,51.095,54.0814,12.27,58,8,4.22,KZ,1725483154
346,tirumullaivasal,11.2333,79.8333,28.36,67,85,5.91,IN,1725483156
347,kasane,-17.8167,25.15,16.31,34,15,2.46,BW,1725483157
348,corn island,12.1694,-83.0418,29.29,73,100,3.77,NI,1725483159
349,chany,55.3121,76.7647,8.82,91,100,7.19,RU,1725483160
350,luena,-11.7833,19.9167,14.38,27,0,1.6,AO,1725483161
351,al qadarif,14.0349,35.3834,20.52,87,100,2.13,SD,1725483163
352,picos,-7.0769,-41.4669,29.76,20,39,2.06,BR,1725483061
353,jucurutu,-6.0339,-37.0203,31.43,33,48,8.23,BR,1725483165
354,morrope,-6.5417,-80.0111,20.63,63,2,8.11,PE,1725483166
355,inari,68.906,27.0288,15.13,66,100,5.39,FI,1725483168
356,pingzhuang,42.0372,119.2889,16.45,75,100,5.01,CN,1725483169
357,dori,14.0354,-0.0345,24.11,91,100,6.37,BF,1725483170
358,amahai,-3.3333,128.9167,24.77,88,66,1.62,ID,1725483172
359,santanyi,39.3546,3.1291,22.48,75,0,3.9,ES,1725483173
360,laguna,38.421,-121.4238,37.75,26,0,3.09,US,1725483174
361,puerto aysen,-45.4,-72.7,5.03,100,100,2.34,CL,1725483176
362,kabare,-2.4683,28.8242,17.44,79,23,1.29,CD,1725483177
363,baidoa,3.1138,43.6498,22.72,78,55,7.1,SO,1725483178
364,notodden,59.5594,9.2585,15.98,70,97,2.3,NO,1725483180
365,dawei,14.0833,98.2,24.51,95,100,3.58,MM,1725483181
366,vilyuysk,63.7553,121.6247,7.13,66,100,1.76,RU,1725483182
367,sofifi,0.7349,127.576,26.21,86,35,1.83,ID,1725483184
368,coquimbo,-29.9533,-71.3436,17.85,60,0,5.66,CL,1725483185
369,tromso,69.6496,18.957,15.01,82,75,6.69,NO,1725483186
370,khanpur mahar,27.8436,69.4137,29.64,64,58,4.18,PK,1725483188
371,cachoeira do sul,-30.0392,-52.8939,12.37,94,100,4.99,BR,1725483189
372,zindah jan,34.3426,61.7468,21.39,18,0,4.53,AF,1725483190
373,kidal,18.4411,1.4078,24.56,81,100,4.77,ML,1725483192
374,port-vila,-17.7338,168.3219,20.78,100,75,1.03,VU,1725483193
375,kapuskasing,49.4169,-82.4331,25.05,41,75,10.8,CA,1725483194
376,kerikeri,-35.2268,173.9474,12.73,87,1,1.79,NZ,1725483196
377,ad dabbah,18.05,30.95,32.9,42,9,4.45,SD,1725483197
378,belmonte,-15.8631,-38.8828,22.54,78,0,3.02,BR,1725483198
379,aykol,38.1751,77.2132,19.64,43,0,1.38,CN,1725483200
380,zboriv,49.6648,25.141,18.09,49,100,2.9,UA,1725483201
381,kruisfontein,-34.0033,24.7314,13.56,75,100,3.23,ZA,1725483202
382,san,13.3034,-4.8956,25.21,86,92,5.3,ML,1725483203
383,andergrove,-21.0833,149.1833,21.03,70,100,8.23,AU,1725483205
384,holualoa,19.6228,-155.9522,26.57,77,40,2.06,US,1725483206
385,moose jaw,50.4001,-105.5344,14.15,88,100,6.69,CA,1725483208
386,camarinas,43.1311,-9.1817,17.18,75,100,8.73,ES,1725483209
387,haenam,34.5711,126.5989,22.11,89,48,1.36,KR,1725483210
388,zorgo,12.2489,-0.6158,24.46,89,100,3.49,BF,1725483212
389,itoman,26.1247,127.6694,28.38,89,1,2.06,JP,1725483213
390,polyarnyy,69.1989,33.4478,14.67,69,100,6.82,RU,1725483214
391,karratha,-20.7377,116.8463,21.7,62,56,4.83,AU,1725483216
392,broken hill,-31.95,141.4333,17.77,27,10,10.82,AU,1725483217
393,awjilah,29.1081,21.2869,30.73,30,0,2.98,LY,1725483218
394,una,20.8167,71.0333,25.75,93,100,4.22,IN,1725483220
395,soma,39.1855,27.6094,22.44,73,0,3.31,TR,1725483221
396,praia da vitoria,38.7333,-27.0667,23.2,68,40,5.43,PT,1725483222
397,strathalbyn,-35.2667,138.9,18.62,49,40,9.48,AU,1725483223
398,eyl,7.9803,49.8164,24.15,83,5,9.99,SO,1725483225
399,kolondieba,11.0882,-6.8926,23.76,94,100,1.72,ML,1725483226
400,mana,5.6592,-53.7767,28.49,75,67,2.67,GF,1725483227
401,trapani,37.8333,12.6667,26.86,89,75,5.14,IT,1725483229
402,juan griego,11.0817,-63.9655,33.07,58,2,8.23,VE,1725483230
403,hasaki,35.7333,140.8333,24.21,87,86,7.33,JP,1725483231
404,ha tinh,18.3333,105.9,25.64,85,100,1.15,VN,1725483233
405,kindu,-2.95,25.95,24.72,75,87,1.75,CD,1725483234
406,bloomsburg,41.0037,-76.4549,25.64,45,0,0.89,US,1725483235
407,iguatemi,-23.6803,-54.5611,31.67,22,98,1.49,BR,1725483237
408,ormara,25.2088,64.6357,27.23,88,100,6.33,PK,1725483238
409,shimoda,34.6667,138.95,23.02,85,5,4.86,JP,1725483239
410,deqen,29.9618,90.7188,8.34,90,100,0.87,CN,1725483240
411,maun,-19.9833,23.4167,16.28,24,4,2.79,BW,1725483242
412,almirante,9.3,-82.4,28.27,73,96,2.51,PA,1725483243
413,alotau,-10.3069,150.4462,23.81,95,99,2.46,PG,1725483244
414,tavernes de la valldigna,39.0667,-0.2667,22.65,80,70,0.94,ES,1725483246
415,el-tor,28.2364,33.6254,32.08,48,0,10.29,EG,1725483247
416,gaalkacyo,6.7697,47.4308,25.45,65,0,10.7,SO,1725483249
417,boyolangu,-8.1181,111.8935,23.53,93,85,0.5,ID,1725483250
418,lobito,-12.3481,13.5456,21.16,86,74,1.53,AO,1725483252
419,salinopolis,-0.6136,-47.3561,27.31,81,94,5.89,BR,1725483253
420,makuyuni,-4.7333,38.1,20.49,82,1,2.23,TZ,1725483254
421,akrehamn,59.2667,5.1833,17.14,94,20,3.6,NO,1725483255
422,ibi,38.6253,-0.5723,19.49,89,89,0.73,ES,1725483257
423,aleshtar,33.8633,48.2619,22.9,30,0,0.44,IR,1725483258
424,konarka,19.9,86.1167,27.44,82,95,1.04,IN,1725483259
425,brokopondo,4.75,-55.1667,30.48,64,95,1.16,SR,1725483261
426,port hedland,-20.3167,118.5667,23.03,88,7,4.63,AU,1725483262
427,mata de sao joao,-12.5303,-38.2992,21.04,82,34,1.71,BR,1725483263
428,asau,46.4333,26.4,15.91,58,87,3.11,RO,1725483265
429,northam,51.0333,-4.2167,14.23,74,24,4.44,GB,1725483266
430,klyuchi,52.2667,79.1667,12.0,94,100,1.96,RU,1725483267
431,dublin,37.7021,-121.9358,36.25,35,0,2.06,US,1725483269
432,port douglas,-16.4833,145.4667,22.67,85,82,9.28,AU,1725483271
433,bintulu,3.1667,113.0333,24.23,100,20,1.54,MY,1725483273
434,port saint john's,-31.6229,29.5448,19.9,86,98,4.06,ZA,1725483274
435,beau vallon,-20.4189,57.6953,23.13,78,75,5.14,MU,1725483275
436,date,42.4681,140.8681,21.47,86,96,4.69,JP,1725483277
437,goroka,-6.0834,145.3873,14.48,97,80,0.82,PG,1725483278
438,hovd,48.0056,91.6419,12.18,29,35,3.4,MN,1725483279
439,nuuk,64.1835,-51.7216,4.34,100,100,4.63,GL,1725483281
440,badarpur,24.9,92.6,24.71,97,100,0.76,IN,1725483282
441,lesogorsk,56.0458,99.5136,9.67,99,100,1.59,RU,1725483284
442,ta`u,-14.2336,-169.5144,25.98,82,33,9.28,AS,1725483285
443,saint-pierre,-21.3393,55.4781,19.82,77,40,2.06,RE,1725483286
444,beledweyne,4.7358,45.2036,25.15,68,54,9.82,SO,1725483288
445,kurumkan,54.3,110.3,7.13,84,61,1.74,RU,1725483289
446,shitanjing,39.2342,106.3439,14.08,52,100,0.65,CN,1725483290
447,camana,-16.6228,-72.7111,16.64,76,4,5.4,PE,1725483292
448,hailey,43.5196,-114.3153,27.74,30,3,2.68,US,1725483293
449,dwarka,22.2394,68.9678,27.41,86,46,5.82,IN,1725483294
450,juegang,32.3174,121.1855,24.49,84,22,2.95,CN,1725483296
451,hadibu,12.65,54.0333,25.49,81,28,8.69,YE,1725483297
452,mao,39.8885,4.2658,22.31,88,20,2.06,ES,1725483298
453,benghazi,32.1167,20.0667,27.76,65,0,5.63,LY,1725483300
454,port-gentil,-0.7193,8.7815,25.98,83,75,6.17,GA,1725483301
455,alofi,-19.0595,-169.9187,24.94,65,40,5.14,NU,1725483303
456,kegen,43.0197,79.2203,9.25,47,42,1.6,KZ,1725483304
457,usinsk,65.9939,57.5281,9.92,86,100,2.47,RU,1725483305
458,antonio enes,-16.2325,39.9086,22.12,73,0,2.54,MZ,1725483307
459,balnearia,-31.0088,-62.6673,22.45,19,0,4.75,AR,1725483308
460,bengbu,32.9408,117.3608,25.49,89,8,2.25,CN,1725483309
461,sharkan,57.2989,53.8712,11.3,64,89,2.33,RU,1725483311
462,bubaque,11.2833,-15.8333,26.7,87,100,8.74,GW,1725483312
463,valea lui mihai,47.5167,22.15,23.13,33,23,6.26,RO,1725483313
464,otjiwarongo,-20.4637,16.6477,14.21,15,5,1.02,NA,1725483314
465,nadym,65.5333,72.5167,3.88,92,14,3.99,RU,1725483316
466,kiunga,-6.1219,141.2906,20.97,99,83,1.06,PG,1725483317
467,frontera,26.9333,-101.45,24.38,83,94,2.68,MX,1725483318
468,kinna,57.5073,12.6946,18.99,63,7,3.65,SE,1725483320
469,tres isletas,-26.3407,-60.4321,22.47,49,96,4.81,AR,1725483321
470,tarapur,19.85,72.7,26.45,89,100,5.59,IN,1725483322
471,nyurba,63.2842,118.3319,7.34,72,100,1.59,RU,1725483324
472,aban,56.67,96.06,9.31,98,100,1.84,RU,1725483325
473,gorodishche,48.8045,44.4744,20.49,60,0,10.0,RU,1725483326
474,ironwood,46.4547,-90.171,25.45,36,0,7.2,US,1725483328
475,sinabang,2.4803,96.3801,26.01,84,100,1.27,ID,1725483329
476,xiaoweizhai,26.1903,107.5125,21.5,90,7,1.5,CN,1725483331
477,kayangel,8.0823,134.7173,28.74,74,99,3.11,PW,1725483332
478,nagqu,31.5,92.0,5.7,93,100,1.75,CN,1725483333
479,aromashevo,56.8602,68.6375,6.94,96,80,4.99,RU,1725483334
480,el nido,11.1858,119.3956,28.97,80,94,0.45,PH,1725483336
481,nema,57.5067,50.5011,7.11,78,0,2.21,RU,1725483337
482,balikpapan,-1.2675,116.8289,24.71,92,86,1.75,ID,1725483338
483,zabaykal'sk,49.6333,117.3167,7.96,74,71,6.14,RU,1725483340
484,bac lieu,9.285,105.7244,25.96,89,100,5.54,VN,1725483341
485,novhorodka,48.3651,32.6578,18.03,33,48,4.62,UA,1725483342
486,mount gambier,-37.8333,140.7667,14.56,54,94,4.11,AU,1725483344
487,okhotsk,59.3833,143.3,11.33,81,100,3.95,RU,1725483345
488,vozhega,60.4725,40.2213,9.43,74,6,1.06,RU,1725483346
489,neftegorsk,52.802,51.166,10.06,75,0,4.34,RU,1725483348
490,pampa,35.5362,-100.9599,30.02,42,40,6.17,US,1725483349
491,el alto,-4.2714,-81.2147,20.05,68,9,8.79,PE,1725483351
492,boa vista,2.8197,-60.6733,33.99,46,20,3.09,BR,1725483352
493,kenai,60.5544,-151.2583,13.03,78,40,8.75,US,1725483353
494,comodoro rivadavia,-45.8667,-67.5,13.92,30,0,13.38,AR,1725483355
495,paramonga,-10.6667,-77.8333,17.86,75,14,5.24,PE,1725483356
496,sinazongwe,-17.2614,27.4618,19.62,37,22,2.13,ZM,1725483357
497,lauro de freitas,-12.8944,-38.3272,25.01,73,0,4.63,BR,1725483358
498,gabarin,11.1093,10.4441,23.51,86,65,1.53,NG,1725483360
499,nizhniye sergi,56.6614,59.3033,6.17,92,95,2.06,RU,1725483361
500,rawson,-43.3002,-65.1023,16.16,20,0,6.17,AR,1725483363
501,reyes,-14.3167,-67.3833,35.09,55,0,3.09,BO,1725483364
502,muli,2.9167,73.5667,28.0,76,99,3.11,MV,1725483365
503,rocha,-34.4833,-54.3333,11.89,69,100,1.58,UY,1725483366
504,nahiyat al fuhud,30.9697,46.7228,34.85,21,0,6.27,IQ,1725483368
505,mucur,39.0615,34.3829,20.89,52,33,2.97,TR,1725483369
506,mawlaik,23.6333,94.4167,23.72,100,100,0.36,MM,1725483370
507,levuka,50.1834,-105.4011,13.85,94,100,6.69,CA,1725483372
508,greymouth,-42.4667,171.2,9.34,78,69,1.18,NZ,1725483373
509,shahr-e babak,30.1165,55.1186,21.12,5,0,1.65,IR,1725483374
510,ves'yegonsk,58.664,37.2604,11.32,77,7,1.81,RU,1725483376
511,uzgen,40.7699,73.3007,16.9,15,0,2.79,KG,1725483377
512,cockburn town,21.4612,-71.1419,28.51,83,68,7.89,TC,1725483378
513,vuktyl,63.8567,57.3094,6.44,93,32,0.8,RU,1725483380
514,rongelap,11.1635,166.8941,28.77,81,89,9.56,MH,1725483381
515,santana,-0.0583,-51.1817,34.1,59,0,2.57,BR,1725483382
516,al burayqah,30.4062,19.5739,27.4,71,0,4.57,LY,1725483384
517,ballina,-28.8667,153.5667,13.83,78,2,2.22,AU,1725483385
518,sisimiut,66.9395,-53.6735,6.4,92,97,1.6,GL,1725483386
519,ulanhot,46.0833,122.0833,11.89,60,16,2.04,CN,1725483388
520,kavaratti,10.5669,72.642,27.56,80,99,6.64,IN,1725483389
521,umarga,17.8333,76.6167,22.88,90,100,5.74,IN,1725483390
522,riviere-du-loup,47.8304,-69.5342,21.15,64,11,2.57,CA,1725483391
523,nacala,-14.5428,40.6728,21.78,76,50,3.06,MZ,1725483393
524,la gomera,14.0833,-91.05,31.22,70,93,2.77,GT,1725483394
525,nova vicosa,-17.8919,-39.3719,23.47,79,0,4.88,BR,1725483395
526,christchurch,-43.5333,172.6333,9.95,94,5,1.34,NZ,1725483348
527,whakatane,-37.9585,176.9854,11.4,80,12,2.68,NZ,1725483398
528,turabah,21.2141,41.6331,31.08,24,95,7.98,SA,1725483399
529,puerto baquerizo moreno,-0.9,-89.6,23.55,88,75,7.72,EC,1725483401
530,daru,-9.0763,143.2092,25.1,80,100,7.92,PG,1725483402
531,nemuro,43.3236,145.575,16.55,90,2,2.26,JP,1725483404
532,oruro,-17.9833,-67.15,20.27,26,20,5.14,BO,1725483405
533,trincomalee,8.5711,81.2335,27.94,76,100,9.53,LK,1725483406
534,ayvacik,39.6011,26.4047,20.75,66,0,1.48,TR,1725483408
535,kirakira,-10.4544,161.9205,25.96,83,100,7.29,SB,1725483409
536,i-n-salah,27.1935,2.4607,36.98,23,45,3.37,DZ,1725483410
537,fort scott,37.8398,-94.7083,30.32,15,0,2.54,US,1725483411
538,vavoua,7.3819,-6.4778,22.22,95,50,1.73,CI,1725483413
539,bengkulu,-3.8004,102.2655,24.9,82,95,1.83,ID,1725483414
540,zheshart,62.0731,49.5733,8.13,80,12,1.24,RU,1725483415
541,weno,7.4515,151.8468,28.59,75,45,4.66,FM,1725483416
542,kalmunai,7.4167,81.8167,27.07,72,100,2.57,LK,1725483418
543,ghadamis,30.1337,9.5007,35.16,21,2,2.34,LY,1725483419
544,changde,29.0464,111.6783,28.66,74,7,1.71,CN,1725483420
545,punta del este,-34.9667,-54.95,16.06,79,0,2.57,UY,1725483421
546,eregli,37.5133,34.0467,22.2,45,2,0.91,TR,1725483423
547,amga,60.8953,131.9608,7.37,98,100,2.56,RU,1725483424
548,suntar,62.1444,117.6319,6.22,95,99,2.23,RU,1725483425
549,seosan,36.7817,126.4522,23.4,91,25,2.76,KR,1725483427
550,kievka,50.2619,71.5514,6.82,92,9,3.38,KZ,1725483428
551,sabha,27.0377,14.4283,30.9,36,53,4.16,LY,1725483429
552,quarai,-30.3875,-56.4514,13.12,92,100,3.51,BR,1725483430
553,villamontes,-21.25,-63.5,28.69,45,20,6.17,BO,1725483432
554,north bend,43.4065,-124.2243,37.91,53,6,4.12,US,1725483433
555,cidreira,-30.1811,-50.2056,15.82,94,91,7.79,BR,1725483434
556,karaj,35.8355,51.0103,22.88,17,0,2.06,IR,1725483436
557,muskegon heights,43.2011,-86.239,26.13,41,0,4.12,US,1725483437
558,severomorsk,69.0689,33.4162,15.8,66,100,6.39,RU,1725483438
559,peddapalli,18.6167,79.3667,24.32,92,100,3.51,IN,1725483439
560,geraldton,-28.7667,114.6,16.23,77,75,9.26,AU,1725483262
561,charlestown,-32.95,151.6667,14.12,63,0,1.34,AU,1725483442
562,atherton,53.5237,-2.4935,13.6,81,12,0.89,GB,1725483443
563,nirmali,26.3167,86.5833,27.35,79,96,3.76,IN,1725483445
564,gorno-altaysk,51.9561,85.955,10.89,62,100,2.65,RU,1725483446
565,ulsteinvik,62.3432,5.8487,15.73,94,68,2.51,NO,1725483448
566,pangkalanbuun,-2.6833,111.6167,23.34,99,49,0.74,ID,1725483449
567,seaside,36.6111,-121.8516,21.34,79,0,3.13,US,1725483450
568,isabela,6.7085,121.9711,25.62,83,100,1.12,PH,1725483452
569,high river,50.5834,-113.8687,16.3,50,100,4.75,CA,1725483453
